<?xml version="1.0" encoding="UTF-8" standalone="no"?>
<!-- pycsw 2.4.2 -->
<csw:GetRecordByIdResponse xmlns:csw="http://www.opengis.net/cat/csw/2.0.2" xmlns:dc="http://purl.org/dc/elements/1.1/" xmlns:dct="http://purl.org/dc/terms/" xmlns:dif="http://gcmd.gsfc.nasa.gov/Aboutus/xml/dif/" xmlns:gmd="http://www.isotc211.org/2005/gmd" xmlns:gml="http://www.opengis.net/gml" xmlns:ows="http://www.opengis.net/ows" xmlns:xs="http://www.w3.org/2001/XMLSchema" xmlns:xsi="http://www.w3.org/2001/XMLSchema-instance" xsi:schemaLocation="http://www.opengis.net/cat/csw/2.0.2 http://schemas.opengis.net/csw/2.0.2/CSW-discovery.xsd">
  <dif:DIF xsi:schemaLocation="http://gcmd.gsfc.nasa.gov/Aboutus/xml/dif/ http://gcmd.gsfc.nasa.gov/Aboutus/xml/dif/dif.xsd">
    <dif:Entry_ID>a0f2e7ba-ed2c-11ea-a8bf-0242ac130005</dif:Entry_ID>
    <dif:Entry_Title>CEPRA-RES-2019-IBARRA eMAPS Areas</dif:Entry_Title>
    <dif:Data_Set_Citation>
      <dif:Dataset_Creator>Javier Garcia</dif:Dataset_Creator>
      <dif:Dataset_Release_Date>2020-09-02T14:57:00Z</dif:Dataset_Release_Date>
      <dif:Dataset_Publisher>Javier Garcia</dif:Dataset_Publisher>
      <dif:Data_Presentation_Form>vector</dif:Data_Presentation_Form>
    </dif:Data_Set_Citation>
    <dif:ISO_Topic_Category>planningCadastre</dif:ISO_Topic_Category>
    <dif:Keyword>features</dif:Keyword>
    <dif:Keyword>iba_areas</dif:Keyword>
    <dif:Temporal_Coverage>
      <dif:Start_Date/>
      <dif:End_Date/>
    </dif:Temporal_Coverage>
    <dif:Spatial_Coverage>
      <dif:Southernmost_Latitude>0.336237</dif:Southernmost_Latitude>
      <dif:Northernmost_Latitude>0.357278</dif:Northernmost_Latitude>
      <dif:Westernmost_Longitude>-78.127125</dif:Westernmost_Longitude>
      <dif:Easternmost_Longitude>-78.109835</dif:Easternmost_Longitude>
    </dif:Spatial_Coverage>
    <dif:Access_Constraints/>
    <dif:Data_Set_Language>spa</dif:Data_Set_Language>
    <dif:Originating_Center/>
    <dif:Summary>Resultados de evaluación a micro escala de ambientes peatonales  con la herramienta eMAPS.ec, los polígonos corresponden a el area de estudio para cada escuela calculada como isocróna a 5m caminando desde la puerta de la escuela</dif:Summary>
    <dif:DIF_Creation_Date>2020-09-02T14:57:00Z</dif:DIF_Creation_Date>
    <dif:Related_URL>
      <dif:URL/>
    </dif:Related_URL>
    <dif:Related_URL>
      <dif:URL_Content_Type>
        <dif:Type>WWW:DOWNLOAD-1.0-http--download</dif:Type>
      </dif:URL_Content_Type>
      <dif:URL>http://201.159.223.152/uploaded/thumbs/layer-a0f2e7ba-ed2c-11ea-a8bf-0242ac130005-thumb.png?v=529d06ae</dif:URL>
      <dif:Description>CEPRA-RES-2019-IBARRA eMAPS Areas (Thumbnail Format)</dif:Description>
    </dif:Related_URL>
    <dif:Related_URL>
      <dif:URL_Content_Type>
        <dif:Type>WWW:DOWNLOAD-1.0-http--download</dif:Type>
      </dif:URL_Content_Type>
      <dif:URL>http://201.159.223.152/uploaded/thumbs/layer-a0f2e7ba-ed2c-11ea-a8bf-0242ac130005-thumb.png?v=ecc44538</dif:URL>
      <dif:Description>CEPRA-RES-2019-IBARRA eMAPS Areas (Thumbnail Format)</dif:Description>
    </dif:Related_URL>
    <dif:Related_URL>
      <dif:URL_Content_Type>
        <dif:Type>WWW:DOWNLOAD-1.0-http--download</dif:Type>
      </dif:URL_Content_Type>
      <dif:URL>0.3572781177238107&amp;crs=EPSG:4326&amp;width=240&amp;height=200&amp;access_token=ZVqZ7lDTtZSc9L1Dj9gRPDC3TtHWSE</dif:URL>
      <dif:Description>CEPRA-RES-2019-IBARRA eMAPS Areas (Remote Thumbnail Format)</dif:Description>
    </dif:Related_URL>
    <dif:Related_URL>
      <dif:URL_Content_Type>
        <dif:Type>WWW:DOWNLOAD-1.0-http--download</dif:Type>
      </dif:URL_Content_Type>
      <dif:URL>http://201.159.223.152/uploaded/thumbs/layer-a0f2e7ba-ed2c-11ea-a8bf-0242ac130005-thumb.png</dif:URL>
      <dif:Description>CEPRA-RES-2019-IBARRA eMAPS Areas (Thumbnail Format)</dif:Description>
    </dif:Related_URL>
    <dif:Related_URL>
      <dif:URL_Content_Type>
        <dif:Type>OGC:WMS</dif:Type>
      </dif:URL_Content_Type>
      <dif:URL>http://201.159.223.152/geoserver/ows</dif:URL>
      <dif:Description>OGC WMS: geonode Service</dif:Description>
    </dif:Related_URL>
    <dif:Related_URL>
      <dif:URL_Content_Type>
        <dif:Type>OGC:WFS</dif:Type>
      </dif:URL_Content_Type>
      <dif:URL>http://201.159.223.152/geoserver/ows</dif:URL>
      <dif:Description>OGC WFS: geonode Service</dif:Description>
    </dif:Related_URL>
    <dif:Related_URL>
      <dif:URL_Content_Type>
        <dif:Type>WWW:DOWNLOAD-1.0-http--download</dif:Type>
      </dif:URL_Content_Type>
      <dif:URL>http://201.159.223.152/uploaded/thumbs/layer-a0f2e7ba-ed2c-11ea-a8bf-0242ac130005-thumb.png?v=cce8f04b</dif:URL>
      <dif:Description>CEPRA-RES-2019-IBARRA eMAPS Areas (Thumbnail Format)</dif:Description>
    </dif:Related_URL>
    <dif:Related_URL>
      <dif:URL_Content_Type>
        <dif:Type>WWW:DOWNLOAD-1.0-http--download</dif:Type>
      </dif:URL_Content_Type>
      <dif:URL>http://201.159.223.152/uploaded/thumbs/layer-a0f2e7ba-ed2c-11ea-a8bf-0242ac130005-thumb.png?v=5875a417</dif:URL>
      <dif:Description>CEPRA-RES-2019-IBARRA eMAPS Areas (Thumbnail Format)</dif:Description>
    </dif:Related_URL>
    <dif:Related_URL>
      <dif:URL_Content_Type>
        <dif:Type>WWW:DOWNLOAD-1.0-http--download</dif:Type>
      </dif:URL_Content_Type>
      <dif:URL>http://201.159.223.152/uploaded/thumbs/layer-a0f2e7ba-ed2c-11ea-a8bf-0242ac130005-thumb.png?v=91e0391d</dif:URL>
      <dif:Description>CEPRA-RES-2019-IBARRA eMAPS Areas (Thumbnail Format)</dif:Description>
    </dif:Related_URL>
    <dif:Related_URL>
      <dif:URL_Content_Type>
        <dif:Type>WWW:DOWNLOAD-1.0-http--download</dif:Type>
      </dif:URL_Content_Type>
      <dif:URL>http://201.159.223.152/uploaded/thumbs/layer-a0f2e7ba-ed2c-11ea-a8bf-0242ac130005-thumb.png?v=99e40afa</dif:URL>
      <dif:Description>CEPRA-RES-2019-IBARRA eMAPS Areas (Thumbnail Format)</dif:Description>
    </dif:Related_URL>
    <dif:Related_URL>
      <dif:URL_Content_Type>
        <dif:Type>WWW:DOWNLOAD-1.0-http--download</dif:Type>
      </dif:URL_Content_Type>
      <dif:URL>http://201.159.223.152/download/189</dif:URL>
      <dif:Description>CEPRA-RES-2019-IBARRA eMAPS Areas (Original Dataset Format)</dif:Description>
    </dif:Related_URL>
    <dif:Related_URL>
      <dif:URL_Content_Type>
        <dif:Type>WWW:DOWNLOAD-1.0-http--download</dif:Type>
      </dif:URL_Content_Type>
      <dif:URL>http://201.159.223.152/geoserver/ows?service=WMS&amp;request=GetMap&amp;layers=geonode%3Aiba_areas&amp;format=application%2Fpdf&amp;height=550&amp;width=550&amp;srs=EPSG%3A32717&amp;bbox=819808.500000000000000%2C10037212.000000000000000%2C821734.125000000000000%2C10039540.000000000000000</dif:URL>
      <dif:Description>CEPRA-RES-2019-IBARRA eMAPS Areas (PDF Format)</dif:Description>
    </dif:Related_URL>
    <dif:Related_URL>
      <dif:URL_Content_Type>
        <dif:Type>WWW:DOWNLOAD-1.0-http--download</dif:Type>
      </dif:URL_Content_Type>
      <dif:URL>http://201.159.223.152/geoserver/ows?service=WMS&amp;request=GetMap&amp;layers=geonode%3Aiba_areas&amp;format=image%2Fpng&amp;height=550&amp;width=550&amp;srs=EPSG%3A32717&amp;bbox=819808.500000000000000%2C10037212.000000000000000%2C821734.125000000000000%2C10039540.000000000000000</dif:URL>
      <dif:Description>CEPRA-RES-2019-IBARRA eMAPS Areas (PNG Format)</dif:Description>
    </dif:Related_URL>
    <dif:Related_URL>
      <dif:URL_Content_Type>
        <dif:Type>WWW:DOWNLOAD-1.0-http--download</dif:Type>
      </dif:URL_Content_Type>
      <dif:URL>http://201.159.223.152/geoserver/ows?service=WFS&amp;version=1.0.0&amp;request=GetFeature&amp;typename=geonode%3Aiba_areas&amp;outputFormat=SHAPE-ZIP&amp;srs=EPSG%3A32717&amp;format_options=charset%3AUTF-8</dif:URL>
      <dif:Description>CEPRA-RES-2019-IBARRA eMAPS Areas (Zipped Shapefile Format)</dif:Description>
    </dif:Related_URL>
    <dif:Related_URL>
      <dif:URL_Content_Type>
        <dif:Type>WWW:DOWNLOAD-1.0-http--download</dif:Type>
      </dif:URL_Content_Type>
      <dif:URL>http://201.159.223.152/geoserver/ows?service=WFS&amp;version=1.0.0&amp;request=GetFeature&amp;typename=geonode%3Aiba_areas&amp;outputFormat=gml2&amp;srs=EPSG%3A32717</dif:URL>
      <dif:Description>CEPRA-RES-2019-IBARRA eMAPS Areas (GML 2.0 Format)</dif:Description>
    </dif:Related_URL>
    <dif:Related_URL>
      <dif:URL_Content_Type>
        <dif:Type>WWW:DOWNLOAD-1.0-http--download</dif:Type>
      </dif:URL_Content_Type>
      <dif:URL>http://201.159.223.152/geoserver/ows?service=WFS&amp;version=1.0.0&amp;request=GetFeature&amp;typename=geonode%3Aiba_areas&amp;outputFormat=text%2Fxml%3B+subtype%3Dgml%2F3.1.1&amp;srs=EPSG%3A32717</dif:URL>
      <dif:Description>CEPRA-RES-2019-IBARRA eMAPS Areas (GML 3.1.1 Format)</dif:Description>
    </dif:Related_URL>
    <dif:Related_URL>
      <dif:URL_Content_Type>
        <dif:Type>WWW:DOWNLOAD-1.0-http--download</dif:Type>
      </dif:URL_Content_Type>
      <dif:URL>http://201.159.223.152/geoserver/ows?service=WMS&amp;request=GetMap&amp;layers=geonode%3Aiba_areas&amp;format=image%2Fjpeg&amp;height=550&amp;width=550&amp;srs=EPSG%3A32717&amp;bbox=819808.500000000000000%2C10037212.000000000000000%2C821734.125000000000000%2C10039540.000000000000000</dif:URL>
      <dif:Description>CEPRA-RES-2019-IBARRA eMAPS Areas (JPEG Format)</dif:Description>
    </dif:Related_URL>
    <dif:Related_URL>
      <dif:URL_Content_Type>
        <dif:Type>WWW:DOWNLOAD-1.0-http--download</dif:Type>
      </dif:URL_Content_Type>
      <dif:URL>http://201.159.223.152/uploaded/thumbs/layer-a0f2e7ba-ed2c-11ea-a8bf-0242ac130005-thumb.png?v=8f4f0288</dif:URL>
      <dif:Description>CEPRA-RES-2019-IBARRA eMAPS Areas (Thumbnail Format)</dif:Description>
    </dif:Related_URL>
    <dif:Related_URL>
      <dif:URL_Content_Type>
        <dif:Type>WWW:LINK-1.0-http--link</dif:Type>
      </dif:URL_Content_Type>
      <dif:URL>http://201.159.223.152/layers/geonode_data:geonode:iba_areas</dif:URL>
      <dif:Description>Web address (URL)</dif:Description>
    </dif:Related_URL>
    <dif:Related_URL>
      <dif:URL_Content_Type>
        <dif:Type>WWW:DOWNLOAD-1.0-http--download</dif:Type>
      </dif:URL_Content_Type>
      <dif:URL>http://201.159.223.152/geoserver/ows?service=WFS&amp;version=1.0.0&amp;request=GetFeature&amp;typename=geonode%3Aiba_areas&amp;outputFormat=csv&amp;srs=EPSG%3A32717</dif:URL>
      <dif:Description>CEPRA-RES-2019-IBARRA eMAPS Areas (CSV Format)</dif:Description>
    </dif:Related_URL>
    <dif:Related_URL>
      <dif:URL_Content_Type>
        <dif:Type>WWW:DOWNLOAD-1.0-http--download</dif:Type>
      </dif:URL_Content_Type>
      <dif:URL>http://201.159.223.152/geoserver/ows?service=WFS&amp;version=1.0.0&amp;request=GetFeature&amp;typename=geonode%3Aiba_areas&amp;outputFormat=excel&amp;srs=EPSG%3A32717</dif:URL>
      <dif:Description>CEPRA-RES-2019-IBARRA eMAPS Areas (Excel Format)</dif:Description>
    </dif:Related_URL>
    <dif:Related_URL>
      <dif:URL_Content_Type>
        <dif:Type>WWW:DOWNLOAD-1.0-http--download</dif:Type>
      </dif:URL_Content_Type>
      <dif:URL>http://201.159.223.152/geoserver/ows?service=WFS&amp;version=1.0.0&amp;request=GetFeature&amp;typename=geonode%3Aiba_areas&amp;outputFormat=json&amp;srs=EPSG%3A32717&amp;srsName=EPSG%3A32717</dif:URL>
      <dif:Description>CEPRA-RES-2019-IBARRA eMAPS Areas (GeoJSON Format)</dif:Description>
    </dif:Related_URL>
    <dif:Related_URL>
      <dif:URL_Content_Type>
        <dif:Type>WWW:DOWNLOAD-1.0-http--download</dif:Type>
      </dif:URL_Content_Type>
      <dif:URL>http://201.159.223.152/geoserver/ows?service=WMS&amp;request=GetLegendGraphic&amp;format=image/png&amp;WIDTH=20&amp;HEIGHT=20&amp;LAYER=geonode:iba_areas&amp;STYLE=iba_areas&amp;legend_options=fontAntiAliasing:true;fontSize:12;forceLabels:on</dif:URL>
      <dif:Description>CEPRA-RES-2019-IBARRA eMAPS Areas (Legend Format)</dif:Description>
    </dif:Related_URL>
    <dif:Related_URL>
      <dif:URL_Content_Type>
        <dif:Type>WWW:DOWNLOAD-1.0-http--download</dif:Type>
      </dif:URL_Content_Type>
      <dif:URL>http://201.159.223.152/uploaded/thumbs/layer-a0f2e7ba-ed2c-11ea-a8bf-0242ac130005-thumb.png?v=2145794b</dif:URL>
      <dif:Description>CEPRA-RES-2019-IBARRA eMAPS Areas (Thumbnail Format)</dif:Description>
    </dif:Related_URL>
    <dif:Related_URL>
      <dif:URL_Content_Type>
        <dif:Type>WWW:DOWNLOAD-1.0-http--download</dif:Type>
      </dif:URL_Content_Type>
      <dif:URL>http://201.159.223.152/uploaded/thumbs/layer-a0f2e7ba-ed2c-11ea-a8bf-0242ac130005-thumb.png?v=c61c136f</dif:URL>
      <dif:Description>CEPRA-RES-2019-IBARRA eMAPS Areas (Thumbnail Format)</dif:Description>
    </dif:Related_URL>
    <dif:Metadata_Name>CEOS IDN DIF</dif:Metadata_Name>
    <dif:Metadata_Version>9.7</dif:Metadata_Version>
  </dif:DIF>
</csw:GetRecordByIdResponse>
