<?xml version="1.0" encoding="UTF-8" standalone="no"?>
<!-- pycsw 2.4.2 -->
<csw:GetRecordByIdResponse xmlns:csw="http://www.opengis.net/cat/csw/2.0.2" xmlns:dc="http://purl.org/dc/elements/1.1/" xmlns:dct="http://purl.org/dc/terms/" xmlns:dif="http://gcmd.gsfc.nasa.gov/Aboutus/xml/dif/" xmlns:gmd="http://www.isotc211.org/2005/gmd" xmlns:gml="http://www.opengis.net/gml" xmlns:ows="http://www.opengis.net/ows" xmlns:xs="http://www.w3.org/2001/XMLSchema" xmlns:xsi="http://www.w3.org/2001/XMLSchema-instance" xsi:schemaLocation="http://www.opengis.net/cat/csw/2.0.2 http://schemas.opengis.net/csw/2.0.2/CSW-discovery.xsd">
  <dif:DIF xsi:schemaLocation="http://gcmd.gsfc.nasa.gov/Aboutus/xml/dif/ http://gcmd.gsfc.nasa.gov/Aboutus/xml/dif/dif.xsd">
    <dif:Entry_ID>73571064-ed28-11ea-81c0-0242ac130005</dif:Entry_ID>
    <dif:Entry_Title>CEPRA-RES-2019-IBARRA eMAPS Segmentos (proporción)</dif:Entry_Title>
    <dif:Data_Set_Citation>
      <dif:Dataset_Creator>Javier Garcia</dif:Dataset_Creator>
      <dif:Dataset_Release_Date>2020-09-02T14:27:00Z</dif:Dataset_Release_Date>
      <dif:Dataset_Publisher>Javier Garcia</dif:Dataset_Publisher>
      <dif:Data_Presentation_Form>vector</dif:Data_Presentation_Form>
    </dif:Data_Set_Citation>
    <dif:ISO_Topic_Category/>
    <dif:Keyword>emaps</dif:Keyword>
    <dif:Temporal_Coverage>
      <dif:Start_Date/>
      <dif:End_Date/>
    </dif:Temporal_Coverage>
    <dif:Spatial_Coverage>
      <dif:Southernmost_Latitude>0.338262</dif:Southernmost_Latitude>
      <dif:Northernmost_Latitude>0.357233</dif:Northernmost_Latitude>
      <dif:Westernmost_Longitude>-78.12718</dif:Westernmost_Longitude>
      <dif:Easternmost_Longitude>-78.109977</dif:Easternmost_Longitude>
    </dif:Spatial_Coverage>
    <dif:Access_Constraints/>
    <dif:Data_Set_Language>spa</dif:Data_Set_Language>
    <dif:Originating_Center/>
    <dif:Summary>Resultados de evaluación a micro escala de ambientes peatonales de segmentos de calle del area de estudio, con la herramienta eMAPS.ec</dif:Summary>
    <dif:DIF_Creation_Date>2020-09-02T14:27:00Z</dif:DIF_Creation_Date>
    <dif:Related_URL>
      <dif:URL/>
    </dif:Related_URL>
    <dif:Related_URL>
      <dif:URL_Content_Type>
        <dif:Type>WWW:DOWNLOAD-1.0-http--download</dif:Type>
      </dif:URL_Content_Type>
      <dif:URL>http://201.159.223.152/download/185</dif:URL>
      <dif:Description>CEPRA-RES-2019-IBARRA eMAPS Segmentos (proporción) (Original Dataset Format)</dif:Description>
    </dif:Related_URL>
    <dif:Related_URL>
      <dif:URL_Content_Type>
        <dif:Type>WWW:DOWNLOAD-1.0-http--download</dif:Type>
      </dif:URL_Content_Type>
      <dif:URL>http://201.159.223.152/geoserver/ows?service=WMS&amp;request=GetMap&amp;layers=geonode%3Aiba_emaps_score_segmentos_proportion0&amp;format=application%2Fpdf&amp;height=550&amp;width=550&amp;srs=EPSG%3A32717&amp;bbox=819802.375000000000000%2C10037436.000000000000000%2C821718.375000000000000%2C10039535.000000000000000</dif:URL>
      <dif:Description>CEPRA-RES-2019-IBARRA eMAPS Segmentos (proporción) (PDF Format)</dif:Description>
    </dif:Related_URL>
    <dif:Related_URL>
      <dif:URL_Content_Type>
        <dif:Type>WWW:DOWNLOAD-1.0-http--download</dif:Type>
      </dif:URL_Content_Type>
      <dif:URL>http://201.159.223.152/geoserver/ows?service=WMS&amp;request=GetLegendGraphic&amp;format=image/png&amp;WIDTH=20&amp;HEIGHT=20&amp;LAYER=geonode:iba_emaps_score_segmentos_proportion0&amp;STYLE=iba_emaps_score_segmentos_proportion0&amp;legend_options=fontAntiAliasing:true;fontSize:12;forceLabels:on</dif:URL>
      <dif:Description>CEPRA-RES-2019-IBARRA eMAPS Segmentos (proporción) (Legend Format)</dif:Description>
    </dif:Related_URL>
    <dif:Related_URL>
      <dif:URL_Content_Type>
        <dif:Type>WWW:DOWNLOAD-1.0-http--download</dif:Type>
      </dif:URL_Content_Type>
      <dif:URL>http://201.159.223.152/uploaded/thumbs/layer-73571064-ed28-11ea-81c0-0242ac130005-thumb.png?v=488ae7b0</dif:URL>
      <dif:Description>CEPRA-RES-2019-IBARRA eMAPS Segmentos (proporción) (Thumbnail Format)</dif:Description>
    </dif:Related_URL>
    <dif:Related_URL>
      <dif:URL_Content_Type>
        <dif:Type>WWW:DOWNLOAD-1.0-http--download</dif:Type>
      </dif:URL_Content_Type>
      <dif:URL>0.35723295572671143&amp;crs=EPSG:4326&amp;width=240&amp;height=200&amp;access_token=ZVqZ7lDTtZSc9L1Dj9gRPDC3TtHWSE</dif:URL>
      <dif:Description>CEPRA-RES-2019-IBARRA eMAPS Segmentos (proporción) (Remote Thumbnail Format)</dif:Description>
    </dif:Related_URL>
    <dif:Related_URL>
      <dif:URL_Content_Type>
        <dif:Type>WWW:DOWNLOAD-1.0-http--download</dif:Type>
      </dif:URL_Content_Type>
      <dif:URL>http://201.159.223.152/uploaded/thumbs/layer-73571064-ed28-11ea-81c0-0242ac130005-thumb.png</dif:URL>
      <dif:Description>CEPRA-RES-2019-IBARRA eMAPS Segmentos (proporción) (Thumbnail Format)</dif:Description>
    </dif:Related_URL>
    <dif:Related_URL>
      <dif:URL_Content_Type>
        <dif:Type>OGC:WMS</dif:Type>
      </dif:URL_Content_Type>
      <dif:URL>http://201.159.223.152/geoserver/ows</dif:URL>
      <dif:Description>OGC WMS: geonode Service</dif:Description>
    </dif:Related_URL>
    <dif:Related_URL>
      <dif:URL_Content_Type>
        <dif:Type>OGC:WFS</dif:Type>
      </dif:URL_Content_Type>
      <dif:URL>http://201.159.223.152/geoserver/ows</dif:URL>
      <dif:Description>OGC WFS: geonode Service</dif:Description>
    </dif:Related_URL>
    <dif:Related_URL>
      <dif:URL_Content_Type>
        <dif:Type>WWW:DOWNLOAD-1.0-http--download</dif:Type>
      </dif:URL_Content_Type>
      <dif:URL>http://201.159.223.152/uploaded/thumbs/layer-73571064-ed28-11ea-81c0-0242ac130005-thumb.png?v=2dbdfe47</dif:URL>
      <dif:Description>CEPRA-RES-2019-IBARRA eMAPS Segmentos (proporción) (Thumbnail Format)</dif:Description>
    </dif:Related_URL>
    <dif:Related_URL>
      <dif:URL_Content_Type>
        <dif:Type>WWW:DOWNLOAD-1.0-http--download</dif:Type>
      </dif:URL_Content_Type>
      <dif:URL>http://201.159.223.152/uploaded/thumbs/layer-73571064-ed28-11ea-81c0-0242ac130005-thumb.png?v=d9dff925</dif:URL>
      <dif:Description>CEPRA-RES-2019-IBARRA eMAPS Segmentos (proporción) (Thumbnail Format)</dif:Description>
    </dif:Related_URL>
    <dif:Related_URL>
      <dif:URL_Content_Type>
        <dif:Type>WWW:DOWNLOAD-1.0-http--download</dif:Type>
      </dif:URL_Content_Type>
      <dif:URL>http://201.159.223.152/uploaded/thumbs/layer-73571064-ed28-11ea-81c0-0242ac130005-thumb.png?v=e22ec127</dif:URL>
      <dif:Description>CEPRA-RES-2019-IBARRA eMAPS Segmentos (proporción) (Thumbnail Format)</dif:Description>
    </dif:Related_URL>
    <dif:Related_URL>
      <dif:URL_Content_Type>
        <dif:Type>WWW:DOWNLOAD-1.0-http--download</dif:Type>
      </dif:URL_Content_Type>
      <dif:URL>http://201.159.223.152/uploaded/thumbs/layer-73571064-ed28-11ea-81c0-0242ac130005-thumb.png?v=6a434fe3</dif:URL>
      <dif:Description>CEPRA-RES-2019-IBARRA eMAPS Segmentos (proporción) (Thumbnail Format)</dif:Description>
    </dif:Related_URL>
    <dif:Related_URL>
      <dif:URL_Content_Type>
        <dif:Type>WWW:DOWNLOAD-1.0-http--download</dif:Type>
      </dif:URL_Content_Type>
      <dif:URL>http://201.159.223.152/uploaded/thumbs/layer-73571064-ed28-11ea-81c0-0242ac130005-thumb.png?v=86332a7d</dif:URL>
      <dif:Description>CEPRA-RES-2019-IBARRA eMAPS Segmentos (proporción) (Thumbnail Format)</dif:Description>
    </dif:Related_URL>
    <dif:Related_URL>
      <dif:URL_Content_Type>
        <dif:Type>WWW:DOWNLOAD-1.0-http--download</dif:Type>
      </dif:URL_Content_Type>
      <dif:URL>http://201.159.223.152/uploaded/thumbs/layer-73571064-ed28-11ea-81c0-0242ac130005-thumb.png?v=de09889b</dif:URL>
      <dif:Description>CEPRA-RES-2019-IBARRA eMAPS Segmentos (proporción) (Thumbnail Format)</dif:Description>
    </dif:Related_URL>
    <dif:Related_URL>
      <dif:URL_Content_Type>
        <dif:Type>WWW:DOWNLOAD-1.0-http--download</dif:Type>
      </dif:URL_Content_Type>
      <dif:URL>http://201.159.223.152/uploaded/thumbs/layer-73571064-ed28-11ea-81c0-0242ac130005-thumb.png?v=c45d9528</dif:URL>
      <dif:Description>CEPRA-RES-2019-IBARRA eMAPS Segmentos (proporción) (Thumbnail Format)</dif:Description>
    </dif:Related_URL>
    <dif:Related_URL>
      <dif:URL_Content_Type>
        <dif:Type>WWW:DOWNLOAD-1.0-http--download</dif:Type>
      </dif:URL_Content_Type>
      <dif:URL>http://201.159.223.152/geoserver/ows?service=WMS&amp;request=GetMap&amp;layers=geonode%3Aiba_emaps_score_segmentos_proportion0&amp;format=image%2Fjpeg&amp;height=550&amp;width=550&amp;srs=EPSG%3A32717&amp;bbox=819802.375000000000000%2C10037436.000000000000000%2C821718.375000000000000%2C10039535.000000000000000</dif:URL>
      <dif:Description>CEPRA-RES-2019-IBARRA eMAPS Segmentos (proporción) (JPEG Format)</dif:Description>
    </dif:Related_URL>
    <dif:Related_URL>
      <dif:URL_Content_Type>
        <dif:Type>WWW:DOWNLOAD-1.0-http--download</dif:Type>
      </dif:URL_Content_Type>
      <dif:URL>http://201.159.223.152/geoserver/ows?service=WMS&amp;request=GetMap&amp;layers=geonode%3Aiba_emaps_score_segmentos_proportion0&amp;format=image%2Fpng&amp;height=550&amp;width=550&amp;srs=EPSG%3A32717&amp;bbox=819802.375000000000000%2C10037436.000000000000000%2C821718.375000000000000%2C10039535.000000000000000</dif:URL>
      <dif:Description>CEPRA-RES-2019-IBARRA eMAPS Segmentos (proporción) (PNG Format)</dif:Description>
    </dif:Related_URL>
    <dif:Related_URL>
      <dif:URL_Content_Type>
        <dif:Type>WWW:DOWNLOAD-1.0-http--download</dif:Type>
      </dif:URL_Content_Type>
      <dif:URL>http://201.159.223.152/geoserver/ows?service=WFS&amp;version=1.0.0&amp;request=GetFeature&amp;typename=geonode%3Aiba_emaps_score_segmentos_proportion0&amp;outputFormat=SHAPE-ZIP&amp;srs=EPSG%3A32717&amp;format_options=charset%3AUTF-8</dif:URL>
      <dif:Description>CEPRA-RES-2019-IBARRA eMAPS Segmentos (proporción) (Zipped Shapefile Format)</dif:Description>
    </dif:Related_URL>
    <dif:Related_URL>
      <dif:URL_Content_Type>
        <dif:Type>WWW:DOWNLOAD-1.0-http--download</dif:Type>
      </dif:URL_Content_Type>
      <dif:URL>http://201.159.223.152/geoserver/ows?service=WFS&amp;version=1.0.0&amp;request=GetFeature&amp;typename=geonode%3Aiba_emaps_score_segmentos_proportion0&amp;outputFormat=gml2&amp;srs=EPSG%3A32717</dif:URL>
      <dif:Description>CEPRA-RES-2019-IBARRA eMAPS Segmentos (proporción) (GML 2.0 Format)</dif:Description>
    </dif:Related_URL>
    <dif:Related_URL>
      <dif:URL_Content_Type>
        <dif:Type>WWW:DOWNLOAD-1.0-http--download</dif:Type>
      </dif:URL_Content_Type>
      <dif:URL>http://201.159.223.152/geoserver/ows?service=WFS&amp;version=1.0.0&amp;request=GetFeature&amp;typename=geonode%3Aiba_emaps_score_segmentos_proportion0&amp;outputFormat=text%2Fxml%3B+subtype%3Dgml%2F3.1.1&amp;srs=EPSG%3A32717</dif:URL>
      <dif:Description>CEPRA-RES-2019-IBARRA eMAPS Segmentos (proporción) (GML 3.1.1 Format)</dif:Description>
    </dif:Related_URL>
    <dif:Related_URL>
      <dif:URL_Content_Type>
        <dif:Type>WWW:DOWNLOAD-1.0-http--download</dif:Type>
      </dif:URL_Content_Type>
      <dif:URL>http://201.159.223.152/geoserver/ows?service=WFS&amp;version=1.0.0&amp;request=GetFeature&amp;typename=geonode%3Aiba_emaps_score_segmentos_proportion0&amp;outputFormat=csv&amp;srs=EPSG%3A32717</dif:URL>
      <dif:Description>CEPRA-RES-2019-IBARRA eMAPS Segmentos (proporción) (CSV Format)</dif:Description>
    </dif:Related_URL>
    <dif:Related_URL>
      <dif:URL_Content_Type>
        <dif:Type>WWW:DOWNLOAD-1.0-http--download</dif:Type>
      </dif:URL_Content_Type>
      <dif:URL>http://201.159.223.152/geoserver/ows?service=WFS&amp;version=1.0.0&amp;request=GetFeature&amp;typename=geonode%3Aiba_emaps_score_segmentos_proportion0&amp;outputFormat=excel&amp;srs=EPSG%3A32717</dif:URL>
      <dif:Description>CEPRA-RES-2019-IBARRA eMAPS Segmentos (proporción) (Excel Format)</dif:Description>
    </dif:Related_URL>
    <dif:Related_URL>
      <dif:URL_Content_Type>
        <dif:Type>WWW:DOWNLOAD-1.0-http--download</dif:Type>
      </dif:URL_Content_Type>
      <dif:URL>http://201.159.223.152/geoserver/ows?service=WFS&amp;version=1.0.0&amp;request=GetFeature&amp;typename=geonode%3Aiba_emaps_score_segmentos_proportion0&amp;outputFormat=json&amp;srs=EPSG%3A32717&amp;srsName=EPSG%3A32717</dif:URL>
      <dif:Description>CEPRA-RES-2019-IBARRA eMAPS Segmentos (proporción) (GeoJSON Format)</dif:Description>
    </dif:Related_URL>
    <dif:Related_URL>
      <dif:URL_Content_Type>
        <dif:Type>WWW:LINK-1.0-http--link</dif:Type>
      </dif:URL_Content_Type>
      <dif:URL>http://201.159.223.152/layers/geonode_data:geonode:iba_emaps_score_segmentos_proportion0</dif:URL>
      <dif:Description>Web address (URL)</dif:Description>
    </dif:Related_URL>
    <dif:Related_URL>
      <dif:URL_Content_Type>
        <dif:Type>WWW:DOWNLOAD-1.0-http--download</dif:Type>
      </dif:URL_Content_Type>
      <dif:URL>http://201.159.223.152/uploaded/thumbs/layer-73571064-ed28-11ea-81c0-0242ac130005-thumb.png?v=f03dc26a</dif:URL>
      <dif:Description>CEPRA-RES-2019-IBARRA eMAPS Segmentos (proporción) (Thumbnail Format)</dif:Description>
    </dif:Related_URL>
    <dif:Metadata_Name>CEOS IDN DIF</dif:Metadata_Name>
    <dif:Metadata_Version>9.7</dif:Metadata_Version>
  </dif:DIF>
</csw:GetRecordByIdResponse>
