<?xml version="1.0" encoding="UTF-8" standalone="no"?>
<!-- pycsw 2.4.2 -->
<csw:GetRecordByIdResponse xmlns:csw="http://www.opengis.net/cat/csw/2.0.2" xmlns:dc="http://purl.org/dc/elements/1.1/" xmlns:dct="http://purl.org/dc/terms/" xmlns:gmd="http://www.isotc211.org/2005/gmd" xmlns:gml="http://www.opengis.net/gml" xmlns:ows="http://www.opengis.net/ows" xmlns:xs="http://www.w3.org/2001/XMLSchema" xmlns:xsi="http://www.w3.org/2001/XMLSchema-instance" xmlns:rim="urn:oasis:names:tc:ebxml-regrep:xsd:rim:3.0" xsi:schemaLocation="http://www.opengis.net/cat/csw/2.0.2 http://schemas.opengis.net/csw/2.0.2/CSW-discovery.xsd">
  <rim:ExtrinsicObject xsi:schemaLocation="http://www.opengis.net/cat/wrs/1.0 http://schemas.opengis.net/csw/2.0.2/profiles/ebrim/1.0/csw-ebrim.xsd" id="73571064-ed28-11ea-81c0-0242ac130005" lid="73571064-ed28-11ea-81c0-0242ac130005" objectType="dataset" status="urn:oasis:names:tc:ebxml-regrep:StatusType:Submitted">
    <rim:VersionInfo versionName=""/>
    <rim:ExternalIdentifier value="73571064-ed28-11ea-81c0-0242ac130005" identificationScheme="foo" registryObject="None" id="73571064-ed28-11ea-81c0-0242ac130005"/>
    <rim:Name>
      <rim:LocalizedString value="CEPRA-RES-2019-IBARRA eMAPS Segmentos (proporción)"/>
    </rim:Name>
    <rim:Description>
      <rim:LocalizedString value="Resultados de evaluación a micro escala de ambientes peatonales de segmentos de calle del area de estudio, con la herramienta eMAPS.ec"/>
    </rim:Description>
    <rim:Slot slotType="urn:ogc:def:dataType:ISO-19107:2003:GM_Envelope">
      <rim:ValueList>
        <rim:Value>
          <ows:BoundingBox crs="urn:x-ogc:def:crs:EPSG:6.11:4326" dimensions="2">
            <ows:LowerCorner>0.338262 -78.12718</ows:LowerCorner>
            <ows:UpperCorner>0.357233 -78.109977</ows:UpperCorner>
          </ows:BoundingBox>
        </rim:Value>
      </rim:ValueList>
    </rim:Slot>
    <rim:Slot name="http://purl.org/dc/elements/1.1/subject">
      <rim:ValueList>
        <rim:Value>emaps</rim:Value>
      </rim:ValueList>
    </rim:Slot>
  </rim:ExtrinsicObject>
</csw:GetRecordByIdResponse>
