<?xml version="1.0" encoding="UTF-8" standalone="no"?>
<!-- pycsw 2.4.2 -->
<csw:GetRecordByIdResponse xmlns:csw="http://www.opengis.net/cat/csw/2.0.2" xmlns:dc="http://purl.org/dc/elements/1.1/" xmlns:dct="http://purl.org/dc/terms/" xmlns:gmd="http://www.isotc211.org/2005/gmd" xmlns:gml="http://www.opengis.net/gml" xmlns:ows="http://www.opengis.net/ows" xmlns:xlink="http://www.w3.org/1999/xlink" xmlns:xs="http://www.w3.org/2001/XMLSchema" xmlns:xsi="http://www.w3.org/2001/XMLSchema-instance" xmlns:gco="http://www.isotc211.org/2005/gco" xsi:schemaLocation="http://www.opengis.net/cat/csw/2.0.2 http://schemas.opengis.net/csw/2.0.2/CSW-discovery.xsd">
  <gmd:MD_Metadata xsi:schemaLocation="http://www.isotc211.org/2005/gmd http://www.isotc211.org/2005/gmd/gmd.xsd">
   <gmd:fileIdentifier>
     <gco:CharacterString>56501dd4-ed24-11ea-b1b6-0242ac130005</gco:CharacterString>
   </gmd:fileIdentifier>
   <gmd:language>
     <gco:CharacterString>eng</gco:CharacterString>
   </gmd:language>
   <gmd:characterSet>
     <gmd:MD_CharacterSetCode codeSpace="ISOTC211/19115" codeList="http://www.isotc211.org/2005/resources/Codelist/gmxCodelists.xml#MD_CharacterSetCode" codeListValue="utf8">utf8</gmd:MD_CharacterSetCode>
   </gmd:characterSet>
   <gmd:hierarchyLevel>
    <gmd:MD_ScopeCode codeSpace="ISOTC211/19115" codeList="http://www.isotc211.org/2005/resources/Codelist/gmxCodelists.xml#MD_ScopeCode" codeListValue="dataset">dataset</gmd:MD_ScopeCode>
   </gmd:hierarchyLevel>


   
   <gmd:contact>
     <gmd:CI_ResponsibleParty>
       <gmd:individualName gco:nilReason="missing">
         
       </gmd:individualName>
       <gmd:organisationName gco:nilReason="missing">
         
       </gmd:organisationName>
       <gmd:positionName gco:nilReason="missing">
         
       </gmd:positionName>
       <gmd:contactInfo>
         <gmd:CI_Contact>
           <gmd:phone>
             <gmd:CI_Telephone>
               <gmd:voice>
                 <gco:CharacterString>0984114691</gco:CharacterString>
               </gmd:voice>
               <gmd:facsimile gco:nilReason="missing">
                 
               </gmd:facsimile>
             </gmd:CI_Telephone>
           </gmd:phone>
           <gmd:address>
             <gmd:CI_Address>
               <gmd:deliveryPoint gco:nilReason="missing">
                 
               </gmd:deliveryPoint>
               <gmd:city>
                 <gco:CharacterString>Cuenca</gco:CharacterString>
               </gmd:city>
               <gmd:administrativeArea gco:nilReason="missing">
                 
               </gmd:administrativeArea>
               <gmd:postalCode>
                 <gco:CharacterString>f</gco:CharacterString>
               </gmd:postalCode>
               <gmd:country>
                 <gco:CharacterString>ECU</gco:CharacterString>
               </gmd:country>
               <gmd:electronicMailAddress>
                 <gco:CharacterString>jgarcia@ubicacuenca.com</gco:CharacterString>
               </gmd:electronicMailAddress>
             </gmd:CI_Address>
           </gmd:address>
           
         </gmd:CI_Contact>
       </gmd:contactInfo>
       <gmd:role>
         <gmd:CI_RoleCode codeSpace="ISOTC211/19115" codeList="http://www.isotc211.org/2005/resources/Codelist/gmxCodelists.xml#CI_RoleCode" codeListValue="pointOfContact">pointOfContact</gmd:CI_RoleCode>
       </gmd:role>
     </gmd:CI_ResponsibleParty>
   </gmd:contact>
   

   
   <gmd:contact>
     <gmd:CI_ResponsibleParty>
       <gmd:individualName gco:nilReason="missing">
         
       </gmd:individualName>
       <gmd:organisationName gco:nilReason="missing">
         
       </gmd:organisationName>
       <gmd:positionName gco:nilReason="missing">
         
       </gmd:positionName>
       <gmd:contactInfo>
         <gmd:CI_Contact>
           <gmd:phone>
             <gmd:CI_Telephone>
               <gmd:voice>
                 <gco:CharacterString>0984114691</gco:CharacterString>
               </gmd:voice>
               <gmd:facsimile gco:nilReason="missing">
                 
               </gmd:facsimile>
             </gmd:CI_Telephone>
           </gmd:phone>
           <gmd:address>
             <gmd:CI_Address>
               <gmd:deliveryPoint gco:nilReason="missing">
                 
               </gmd:deliveryPoint>
               <gmd:city>
                 <gco:CharacterString>Cuenca</gco:CharacterString>
               </gmd:city>
               <gmd:administrativeArea gco:nilReason="missing">
                 
               </gmd:administrativeArea>
               <gmd:postalCode>
                 <gco:CharacterString>f</gco:CharacterString>
               </gmd:postalCode>
               <gmd:country>
                 <gco:CharacterString>ECU</gco:CharacterString>
               </gmd:country>
               <gmd:electronicMailAddress>
                 <gco:CharacterString>jgarcia@ubicacuenca.com</gco:CharacterString>
               </gmd:electronicMailAddress>
             </gmd:CI_Address>
           </gmd:address>
           
         </gmd:CI_Contact>
       </gmd:contactInfo>
       <gmd:role>
         <gmd:CI_RoleCode codeSpace="ISOTC211/19115" codeList="http://www.isotc211.org/2005/resources/Codelist/gmxCodelists.xml#CI_RoleCode" codeListValue="author">author</gmd:CI_RoleCode>
       </gmd:role>
     </gmd:CI_ResponsibleParty>
   </gmd:contact>
   


   <gmd:dateStamp>
     <gco:DateTime>2020-09-02T13:58:20Z</gco:DateTime>
   </gmd:dateStamp>
   <gmd:metadataStandardName>
     <gco:CharacterString>ISO 19115:2003 - Geographic information - Metadata</gco:CharacterString>
   </gmd:metadataStandardName>
   <gmd:metadataStandardVersion>
     <gco:CharacterString>ISO 19115:2003</gco:CharacterString>
   </gmd:metadataStandardVersion>
   <gmd:spatialRepresentationInfo/>
   <gmd:referenceSystemInfo>
     <gmd:MD_ReferenceSystem>
       <gmd:referenceSystemIdentifier>
         <gmd:RS_Identifier>
           <gmd:code>
             <gco:CharacterString>4326</gco:CharacterString>
           </gmd:code>
           <gmd:codeSpace>
             <gco:CharacterString>EPSG</gco:CharacterString>
           </gmd:codeSpace>
           <gmd:version>
             <gco:CharacterString>6.11</gco:CharacterString>
           </gmd:version>
         </gmd:RS_Identifier>
       </gmd:referenceSystemIdentifier>
     </gmd:MD_ReferenceSystem>
   </gmd:referenceSystemInfo>

   <gmd:identificationInfo>
     <gmd:MD_DataIdentification>
       <gmd:citation>
         <gmd:CI_Citation>
           
           <gmd:name>
             <gco:CharacterString>geonode:iba_emaps_score_segmentos_proportion</gco:CharacterString>
           </gmd:name>
           
           <gmd:title>
             <gco:CharacterString>iba_emaps_score_segmentos_proportion</gco:CharacterString>
           </gmd:title>
           <gmd:date>
             <gmd:CI_Date>
               <gmd:date>
                 <gco:DateTime>2020-09-02T13:58:11Z</gco:DateTime>
               </gmd:date>
               <gmd:dateType>
                 <gmd:CI_DateTypeCode codeSpace="ISOTC211/19115" codeList="http://www.isotc211.org/2005/resources/Codelist/gmxCodelists.xml#CI_DateTypeCode" codeListValue="publication">publication</gmd:CI_DateTypeCode>
               </gmd:dateType>
             </gmd:CI_Date>
           </gmd:date>
           <gmd:edition gco:nilReason="missing">
                 
           </gmd:edition>
           
           <gmd:presentationForm>
             <gmd:CI_PresentationFormCode codeSpace="ISOTC211/19115" codeList="http://www.isotc211.org/2005/resources/Codelist/gmxCodelists.xml#CI_PresentationFormCode" codeListValue="mapDigital">mapDigital</gmd:CI_PresentationFormCode>
           </gmd:presentationForm>
         </gmd:CI_Citation>
       </gmd:citation>
       <gmd:abstract>
         <gco:CharacterString>No abstract provided</gco:CharacterString>
       </gmd:abstract>
       <gmd:purpose gco:nilReason="missing">
             
       </gmd:purpose>
       <gmd:status>
         <gmd:MD_ProgressCode codeSpace="ISOTC211/19115" codeList="http://www.isotc211.org/2005/resources/Codelist/gmxCodelists.xml#MD_ProgressCode" codeListValue="completed">completed</gmd:MD_ProgressCode>
       </gmd:status>

       
       <gmd:pointOfContact>
         <gmd:CI_ResponsibleParty>
           <gmd:individualName gco:nilReason="missing">
             
           </gmd:individualName>
           <gmd:organisationName gco:nilReason="missing">
             
           </gmd:organisationName>
           <gmd:positionName gco:nilReason="missing">
             
           </gmd:positionName>
           <gmd:contactInfo>
             <gmd:CI_Contact>
               <gmd:phone>
                 <gmd:CI_Telephone>
                   <gmd:voice>
                     <gco:CharacterString>0984114691</gco:CharacterString>
                   </gmd:voice>
                   <gmd:facsimile gco:nilReason="missing">
                     
                   </gmd:facsimile>
                 </gmd:CI_Telephone>
               </gmd:phone>
               <gmd:address>
                 <gmd:CI_Address>
                   <gmd:deliveryPoint gco:nilReason="missing">
                     
                   </gmd:deliveryPoint>
                   <gmd:city>
                     <gco:CharacterString>Cuenca</gco:CharacterString>
                   </gmd:city>
                   <gmd:administrativeArea gco:nilReason="missing">
                     
                   </gmd:administrativeArea>
                   <gmd:postalCode>
                     <gco:CharacterString>f</gco:CharacterString>
                   </gmd:postalCode>
                   <gmd:country>
                     <gco:CharacterString>ECU</gco:CharacterString>
                   </gmd:country>
                   <gmd:electronicMailAddress>
                     <gco:CharacterString>jgarcia@ubicacuenca.com</gco:CharacterString>
                   </gmd:electronicMailAddress>
                 </gmd:CI_Address>
               </gmd:address>
               
             </gmd:CI_Contact>
           </gmd:contactInfo>
           <gmd:role>
             <gmd:CI_RoleCode codeSpace="ISOTC211/19115" codeList="http://www.isotc211.org/2005/resources/Codelist/gmxCodelists.xml#CI_RoleCode" codeListValue="originator">originator</gmd:CI_RoleCode>
           </gmd:role>
         </gmd:CI_ResponsibleParty>
       </gmd:pointOfContact>
       

       
       <gmd:graphicOverview>
         <gmd:MD_BrowseGraphic>
           <gmd:fileName>
             <gco:CharacterString>http://201.159.223.152/uploaded/thumbs/layer-56501dd4-ed24-11ea-b1b6-0242ac130005-thumb.png?v=1bb5f10f</gco:CharacterString>
           </gmd:fileName>
           <gmd:fileDescription>
             <gco:CharacterString>Thumbnail for 'iba_emaps_score_segmentos_proportion'</gco:CharacterString>
           </gmd:fileDescription>
           <gmd:fileType>
             <gco:CharacterString>image/png</gco:CharacterString>
           </gmd:fileType>
         </gmd:MD_BrowseGraphic>
       </gmd:graphicOverview>
       <gmd:resourceFormat>
         <gmd:MD_Format>
           <gmd:name>
             
             <gco:CharacterString>ESRI Shapefile</gco:CharacterString>
             
           </gmd:name>
           <gmd:version>
             <gco:CharacterString>1.0</gco:CharacterString>
           </gmd:version>
         </gmd:MD_Format>
       </gmd:resourceFormat>
       
       
       <gmd:descriptiveKeywords>
         <gmd:MD_Keywords>
           <gmd:keyword>
             <gco:CharacterString>Global</gco:CharacterString>
           </gmd:keyword>
           <gmd:type>
              <gmd:MD_KeywordTypeCode codeSpace="ISOTC211/19115" codeList="http://www.isotc211.org/2005/resources/Codelist/gmxCodelists.xml#MD_KeywordTypeCode" codeListValue="place">place</gmd:MD_KeywordTypeCode>
            </gmd:type>
         </gmd:MD_Keywords>
       </gmd:descriptiveKeywords>
       
       
       
       <gmd:resourceConstraints>
         <gmd:MD_LegalConstraints>
           <gmd:useConstraints>
             <gmd:MD_RestrictionCode codeSpace="ISOTC211/19115" codeList="http://www.isotc211.org/2005/resources/Codelist/gmxCodelists.xml#MD_RestrictionCode" codeListValue="license">license</gmd:MD_RestrictionCode>
           </gmd:useConstraints>
           <gmd:otherConstraints>
             <gco:CharacterString>Not Specified: The original author did not specify a license.</gco:CharacterString>
           </gmd:otherConstraints>
         </gmd:MD_LegalConstraints>
       </gmd:resourceConstraints>
       
       <gmd:resourceConstraints>
         <gmd:MD_LegalConstraints>
           <gmd:useConstraints>
              <gmd:MD_RestrictionCode codeSpace="ISOTC211/19115" codeList="http://www.isotc211.org/2005/resources/Codelist/gmxCodelists.xml#MD_RestrictionCode" codeListValue=""/>
           </gmd:useConstraints>
           <gmd:otherConstraints>
             <gco:CharacterString>None</gco:CharacterString>
           </gmd:otherConstraints>
         </gmd:MD_LegalConstraints>
       </gmd:resourceConstraints>
       <gmd:spatialRepresentationType>
         <gmd:MD_SpatialRepresentationTypeCode codeSpace="ISOTC211/19115" codeList="http://www.isotc211.org/2005/resources/Codelist/gmxCodelists.xml#MD_SpatialRepresentationTypeCode" codeListValue=""/>
       </gmd:spatialRepresentationType>
       <gmd:language>
         <gco:CharacterString>eng</gco:CharacterString>
       </gmd:language>
       <gmd:characterSet>
         <gmd:MD_CharacterSetCode codeSpace="ISOTC211/19115" codeList="http://www.isotc211.org/2005/resources/Codelist/gmxCodelists.xml#MD_CharacterSetCode" codeListValue="utf8">utf8</gmd:MD_CharacterSetCode>
       </gmd:characterSet>
       <gmd:topicCategory gco:nilReason="missing">
         
       </gmd:topicCategory>
       <gmd:extent>
         <gmd:EX_Extent>
           <gmd:geographicElement>
             <gmd:EX_GeographicBoundingBox>
               <gmd:westBoundLongitude>
                 <gco:Decimal>-78.12717956937814</gco:Decimal>
               </gmd:westBoundLongitude>
               <gmd:eastBoundLongitude>
                 <gco:Decimal>-78.1099768071482</gco:Decimal>
               </gmd:eastBoundLongitude>
               <gmd:southBoundLatitude>
                 <gco:Decimal>0.33826153387132746</gco:Decimal>
               </gmd:southBoundLatitude>
               <gmd:northBoundLatitude>
                 <gco:Decimal>0.35723295572671143</gco:Decimal>
               </gmd:northBoundLatitude>
             </gmd:EX_GeographicBoundingBox>
           </gmd:geographicElement>
         </gmd:EX_Extent>
       </gmd:extent>
       
       <gmd:supplementalInformation>
         <gco:CharacterString>No information provided</gco:CharacterString>
       </gmd:supplementalInformation>
     </gmd:MD_DataIdentification>
   </gmd:identificationInfo>

   <gmd:contentInfo>
     
     <gmd:includedWithDataset>
       <gco:Boolean>0</gco:Boolean>
     </gmd:includedWithDataset>
     <gmd:MD_FeatureCatalogueDescription>
       <gmd:featureCatalogueCitation uuidref="56501dd4-ed24-11ea-b1b6-0242ac130005" xlink:href="http://201.159.223.152/layers/geonode_data:geonode:iba_emaps_score_segmentos_proportion/feature_catalogue"/>
     </gmd:MD_FeatureCatalogueDescription>
     
   </gmd:contentInfo>
   <gmd:distributionInfo>
     <gmd:MD_Distribution>
       <gmd:transferOptions>
         <gmd:MD_DigitalTransferOptions>
           <gmd:onLine>
             <gmd:CI_OnlineResource>
               <gmd:linkage>
                   <gmd:URL>http://201.159.223.152/layers/geonode_data:geonode:iba_emaps_score_segmentos_proportion</gmd:URL>
               </gmd:linkage>
               <gmd:protocol>
                 <gco:CharacterString>WWW:LINK-1.0-http--link</gco:CharacterString>
               </gmd:protocol>
               <gmd:description>
                 <gco:CharacterString>Online link to the 'iba_emaps_score_segmentos_proportion' description on GeoNode</gco:CharacterString>
               </gmd:description>
             </gmd:CI_OnlineResource>
           </gmd:onLine>
           
           <gmd:onLine>
             <gmd:CI_OnlineResource>
               <gmd:linkage>
                 <gmd:URL>http://201.159.223.152/download/181</gmd:URL>
               </gmd:linkage>
               <gmd:protocol>
                 <gco:CharacterString>WWW:DOWNLOAD-1.0-http--download</gco:CharacterString>
               </gmd:protocol>
               <gmd:name>
                 <gco:CharacterString>iba_emaps_score_segmentos_proportion.zip</gco:CharacterString>
               </gmd:name>
               <gmd:description>
                 <gco:CharacterString>iba_emaps_score_segmentos_proportion (Original Dataset Format)</gco:CharacterString>
               </gmd:description>
             </gmd:CI_OnlineResource>
           </gmd:onLine>
           
           <gmd:onLine>
             <gmd:CI_OnlineResource>
               <gmd:linkage>
                 <gmd:URL>http://201.159.223.152/geoserver/ows?service=WMS&amp;request=GetMap&amp;layers=geonode%3Aiba_emaps_score_segmentos_proportion&amp;format=image%2Fjpeg&amp;height=550&amp;width=550&amp;srs=EPSG%3A32717&amp;bbox=819802.375000000000000%2C10037436.000000000000000%2C821718.375000000000000%2C10039535.000000000000000</gmd:URL>
               </gmd:linkage>
               <gmd:protocol>
                 <gco:CharacterString>WWW:DOWNLOAD-1.0-http--download</gco:CharacterString>
               </gmd:protocol>
               <gmd:name>
                 <gco:CharacterString>iba_emaps_score_segmentos_proportion.jpg</gco:CharacterString>
               </gmd:name>
               <gmd:description>
                 <gco:CharacterString>iba_emaps_score_segmentos_proportion (JPEG Format)</gco:CharacterString>
               </gmd:description>
             </gmd:CI_OnlineResource>
           </gmd:onLine>
           
           <gmd:onLine>
             <gmd:CI_OnlineResource>
               <gmd:linkage>
                 <gmd:URL>http://201.159.223.152/geoserver/ows?service=WMS&amp;request=GetMap&amp;layers=geonode%3Aiba_emaps_score_segmentos_proportion&amp;format=application%2Fpdf&amp;height=550&amp;width=550&amp;srs=EPSG%3A32717&amp;bbox=819802.375000000000000%2C10037436.000000000000000%2C821718.375000000000000%2C10039535.000000000000000</gmd:URL>
               </gmd:linkage>
               <gmd:protocol>
                 <gco:CharacterString>WWW:DOWNLOAD-1.0-http--download</gco:CharacterString>
               </gmd:protocol>
               <gmd:name>
                 <gco:CharacterString>iba_emaps_score_segmentos_proportion.pdf</gco:CharacterString>
               </gmd:name>
               <gmd:description>
                 <gco:CharacterString>iba_emaps_score_segmentos_proportion (PDF Format)</gco:CharacterString>
               </gmd:description>
             </gmd:CI_OnlineResource>
           </gmd:onLine>
           
           <gmd:onLine>
             <gmd:CI_OnlineResource>
               <gmd:linkage>
                 <gmd:URL>http://201.159.223.152/geoserver/ows?service=WMS&amp;request=GetMap&amp;layers=geonode%3Aiba_emaps_score_segmentos_proportion&amp;format=image%2Fpng&amp;height=550&amp;width=550&amp;srs=EPSG%3A32717&amp;bbox=819802.375000000000000%2C10037436.000000000000000%2C821718.375000000000000%2C10039535.000000000000000</gmd:URL>
               </gmd:linkage>
               <gmd:protocol>
                 <gco:CharacterString>WWW:DOWNLOAD-1.0-http--download</gco:CharacterString>
               </gmd:protocol>
               <gmd:name>
                 <gco:CharacterString>iba_emaps_score_segmentos_proportion.png</gco:CharacterString>
               </gmd:name>
               <gmd:description>
                 <gco:CharacterString>iba_emaps_score_segmentos_proportion (PNG Format)</gco:CharacterString>
               </gmd:description>
             </gmd:CI_OnlineResource>
           </gmd:onLine>
           
           <gmd:onLine>
             <gmd:CI_OnlineResource>
               <gmd:linkage>
                 <gmd:URL>http://201.159.223.152/geoserver/ows?service=WFS&amp;version=1.0.0&amp;request=GetFeature&amp;typename=geonode%3Aiba_emaps_score_segmentos_proportion&amp;outputFormat=SHAPE-ZIP&amp;srs=EPSG%3A32717&amp;format_options=charset%3AUTF-8</gmd:URL>
               </gmd:linkage>
               <gmd:protocol>
                 <gco:CharacterString>WWW:DOWNLOAD-1.0-http--download</gco:CharacterString>
               </gmd:protocol>
               <gmd:name>
                 <gco:CharacterString>iba_emaps_score_segmentos_proportion.zip</gco:CharacterString>
               </gmd:name>
               <gmd:description>
                 <gco:CharacterString>iba_emaps_score_segmentos_proportion (Zipped Shapefile Format)</gco:CharacterString>
               </gmd:description>
             </gmd:CI_OnlineResource>
           </gmd:onLine>
           
           <gmd:onLine>
             <gmd:CI_OnlineResource>
               <gmd:linkage>
                 <gmd:URL>http://201.159.223.152/geoserver/ows?service=WFS&amp;version=1.0.0&amp;request=GetFeature&amp;typename=geonode%3Aiba_emaps_score_segmentos_proportion&amp;outputFormat=gml2&amp;srs=EPSG%3A32717</gmd:URL>
               </gmd:linkage>
               <gmd:protocol>
                 <gco:CharacterString>WWW:DOWNLOAD-1.0-http--download</gco:CharacterString>
               </gmd:protocol>
               <gmd:name>
                 <gco:CharacterString>iba_emaps_score_segmentos_proportion.gml</gco:CharacterString>
               </gmd:name>
               <gmd:description>
                 <gco:CharacterString>iba_emaps_score_segmentos_proportion (GML 2.0 Format)</gco:CharacterString>
               </gmd:description>
             </gmd:CI_OnlineResource>
           </gmd:onLine>
           
           <gmd:onLine>
             <gmd:CI_OnlineResource>
               <gmd:linkage>
                 <gmd:URL>http://201.159.223.152/geoserver/ows?service=WFS&amp;version=1.0.0&amp;request=GetFeature&amp;typename=geonode%3Aiba_emaps_score_segmentos_proportion&amp;outputFormat=text%2Fxml%3B+subtype%3Dgml%2F3.1.1&amp;srs=EPSG%3A32717</gmd:URL>
               </gmd:linkage>
               <gmd:protocol>
                 <gco:CharacterString>WWW:DOWNLOAD-1.0-http--download</gco:CharacterString>
               </gmd:protocol>
               <gmd:name>
                 <gco:CharacterString>iba_emaps_score_segmentos_proportion.gml</gco:CharacterString>
               </gmd:name>
               <gmd:description>
                 <gco:CharacterString>iba_emaps_score_segmentos_proportion (GML 3.1.1 Format)</gco:CharacterString>
               </gmd:description>
             </gmd:CI_OnlineResource>
           </gmd:onLine>
           
           <gmd:onLine>
             <gmd:CI_OnlineResource>
               <gmd:linkage>
                 <gmd:URL>http://201.159.223.152/geoserver/ows?service=WFS&amp;version=1.0.0&amp;request=GetFeature&amp;typename=geonode%3Aiba_emaps_score_segmentos_proportion&amp;outputFormat=csv&amp;srs=EPSG%3A32717</gmd:URL>
               </gmd:linkage>
               <gmd:protocol>
                 <gco:CharacterString>WWW:DOWNLOAD-1.0-http--download</gco:CharacterString>
               </gmd:protocol>
               <gmd:name>
                 <gco:CharacterString>iba_emaps_score_segmentos_proportion.csv</gco:CharacterString>
               </gmd:name>
               <gmd:description>
                 <gco:CharacterString>iba_emaps_score_segmentos_proportion (CSV Format)</gco:CharacterString>
               </gmd:description>
             </gmd:CI_OnlineResource>
           </gmd:onLine>
           
           <gmd:onLine>
             <gmd:CI_OnlineResource>
               <gmd:linkage>
                 <gmd:URL>http://201.159.223.152/geoserver/ows?service=WFS&amp;version=1.0.0&amp;request=GetFeature&amp;typename=geonode%3Aiba_emaps_score_segmentos_proportion&amp;outputFormat=excel&amp;srs=EPSG%3A32717</gmd:URL>
               </gmd:linkage>
               <gmd:protocol>
                 <gco:CharacterString>WWW:DOWNLOAD-1.0-http--download</gco:CharacterString>
               </gmd:protocol>
               <gmd:name>
                 <gco:CharacterString>iba_emaps_score_segmentos_proportion.excel</gco:CharacterString>
               </gmd:name>
               <gmd:description>
                 <gco:CharacterString>iba_emaps_score_segmentos_proportion (Excel Format)</gco:CharacterString>
               </gmd:description>
             </gmd:CI_OnlineResource>
           </gmd:onLine>
           
           <gmd:onLine>
             <gmd:CI_OnlineResource>
               <gmd:linkage>
                 <gmd:URL>http://201.159.223.152/geoserver/ows?service=WFS&amp;version=1.0.0&amp;request=GetFeature&amp;typename=geonode%3Aiba_emaps_score_segmentos_proportion&amp;outputFormat=json&amp;srs=EPSG%3A32717&amp;srsName=EPSG%3A32717</gmd:URL>
               </gmd:linkage>
               <gmd:protocol>
                 <gco:CharacterString>WWW:DOWNLOAD-1.0-http--download</gco:CharacterString>
               </gmd:protocol>
               <gmd:name>
                 <gco:CharacterString>iba_emaps_score_segmentos_proportion.json</gco:CharacterString>
               </gmd:name>
               <gmd:description>
                 <gco:CharacterString>iba_emaps_score_segmentos_proportion (GeoJSON Format)</gco:CharacterString>
               </gmd:description>
             </gmd:CI_OnlineResource>
           </gmd:onLine>
           
           <gmd:onLine>
             <gmd:CI_OnlineResource>
               <gmd:linkage>
                 <gmd:URL>http://201.159.223.152/geoserver/ows?service=WMS&amp;request=GetLegendGraphic&amp;format=image/png&amp;WIDTH=20&amp;HEIGHT=20&amp;LAYER=geonode:iba_emaps_score_segmentos_proportion&amp;STYLE=iba_emaps_score_segmentos_proportion&amp;legend_options=fontAntiAliasing:true;fontSize:12;forceLabels:on</gmd:URL>
               </gmd:linkage>
               <gmd:protocol>
                 <gco:CharacterString>WWW:DOWNLOAD-1.0-http--download</gco:CharacterString>
               </gmd:protocol>
               <gmd:name>
                 <gco:CharacterString>iba_emaps_score_segmentos_proportion.png</gco:CharacterString>
               </gmd:name>
               <gmd:description>
                 <gco:CharacterString>iba_emaps_score_segmentos_proportion (Legend Format)</gco:CharacterString>
               </gmd:description>
             </gmd:CI_OnlineResource>
           </gmd:onLine>
           
           <gmd:onLine>
             <gmd:CI_OnlineResource>
               <gmd:linkage>
                 <gmd:URL>http://201.159.223.152/geoserver/ows?service=WMS&amp;version=1.1.1&amp;request=GetMap&amp;layers=geonode:iba_emaps_score_segmentos_proportion&amp;format=image/png8&amp;bbox=-78.12717956937814,0.33826153387132746,-78.1099768071482,0.35723295572671143&amp;crs=EPSG:4326&amp;width=240&amp;height=200&amp;access_token=ZVqZ7lDTtZSc9L1Dj9gRPDC3TtHWSE</gmd:URL>
               </gmd:linkage>
               <gmd:protocol>
                 <gco:CharacterString>WWW:DOWNLOAD-1.0-http--download</gco:CharacterString>
               </gmd:protocol>
               <gmd:name>
                 <gco:CharacterString>iba_emaps_score_segmentos_proportion.png</gco:CharacterString>
               </gmd:name>
               <gmd:description>
                 <gco:CharacterString>iba_emaps_score_segmentos_proportion (Remote Thumbnail Format)</gco:CharacterString>
               </gmd:description>
             </gmd:CI_OnlineResource>
           </gmd:onLine>
           
           <gmd:onLine>
             <gmd:CI_OnlineResource>
               <gmd:linkage>
                 <gmd:URL>http://201.159.223.152/uploaded/thumbs/layer-56501dd4-ed24-11ea-b1b6-0242ac130005-thumb.png</gmd:URL>
               </gmd:linkage>
               <gmd:protocol>
                 <gco:CharacterString>WWW:DOWNLOAD-1.0-http--download</gco:CharacterString>
               </gmd:protocol>
               <gmd:name>
                 <gco:CharacterString>iba_emaps_score_segmentos_proportion.png</gco:CharacterString>
               </gmd:name>
               <gmd:description>
                 <gco:CharacterString>iba_emaps_score_segmentos_proportion (Thumbnail Format)</gco:CharacterString>
               </gmd:description>
             </gmd:CI_OnlineResource>
           </gmd:onLine>
           
           
           <gmd:onLine>
             <gmd:CI_OnlineResource>
               <gmd:linkage>
                 <gmd:URL>http://201.159.223.152/geoserver/ows</gmd:URL>
               </gmd:linkage>
               <gmd:protocol>
                 <gco:CharacterString>OGC:WMS</gco:CharacterString>
               </gmd:protocol>
               <gmd:name>
                 <gco:CharacterString>geonode:iba_emaps_score_segmentos_proportion</gco:CharacterString>
               </gmd:name>
               <gmd:description>
                 <gco:CharacterString>geonode Service - Provides Layer: iba_emaps_score_segmentos_proportion</gco:CharacterString>
               </gmd:description>
             </gmd:CI_OnlineResource>
           </gmd:onLine>
           
           <gmd:onLine>
             <gmd:CI_OnlineResource>
               <gmd:linkage>
                 <gmd:URL>http://201.159.223.152/geoserver/ows</gmd:URL>
               </gmd:linkage>
               <gmd:protocol>
                 <gco:CharacterString>OGC:WFS</gco:CharacterString>
               </gmd:protocol>
               <gmd:name>
                 <gco:CharacterString>geonode:iba_emaps_score_segmentos_proportion</gco:CharacterString>
               </gmd:name>
               <gmd:description>
                 <gco:CharacterString>geonode Service - Provides Layer: iba_emaps_score_segmentos_proportion</gco:CharacterString>
               </gmd:description>
             </gmd:CI_OnlineResource>
           </gmd:onLine>
           
         </gmd:MD_DigitalTransferOptions>
       </gmd:transferOptions>
     </gmd:MD_Distribution>
   </gmd:distributionInfo>
   <gmd:dataQualityInfo>
     <gmd:DQ_DataQuality>
       <gmd:scope>
         <gmd:DQ_Scope>
           <gmd:level>
             <gmd:MD_ScopeCode codeSpace="ISOTC211/19115" codeList="http://www.isotc211.org/2005/resources/Codelist/gmxCodelists.xml#MD_ScopeCode" codeListValue="dataset">dataset</gmd:MD_ScopeCode>
           </gmd:level>
         </gmd:DQ_Scope>
       </gmd:scope>
       <gmd:lineage>
         <gmd:LI_Lineage>
           <gmd:statement gco:nilReason="missing"/>
         </gmd:LI_Lineage>
       </gmd:lineage>
     </gmd:DQ_DataQuality>
   </gmd:dataQualityInfo>
 </gmd:MD_Metadata>
</csw:GetRecordByIdResponse>
